{"cameraMode":{"drawMode":31,"name":"Sprite Mask","section":"Miscellaneous"},"sceneLighting":false,"audioPlay":false,"sceneViewState":{"showFog":true,"showMaterialUpdate":false,"showSkybox":false,"showFlares":true,"showImageEffects":true,"showParticleSystems":true},"in2DMode":false,"pivot":{"x":12.394550323486329,"y":-1.5005720853805543,"z":16.006038665771486},"rotation":{"x":0.2575756907463074,"y":-0.6574952602386475,"z":0.2565634250640869,"w":0.6602619290351868},"size":0.9974526166915894,"orthographic":false}