{"cameraMode":{"drawMode":31,"name":"Sprite Mask","section":"Miscellaneous"},"sceneLighting":false,"audioPlay":false,"sceneViewState":{"showFog":true,"showMaterialUpdate":false,"showSkybox":false,"showFlares":true,"showImageEffects":true,"showParticleSystems":true},"in2DMode":false,"pivot":{"x":-1.717317819595337,"y":-5.471778392791748,"z":13.731690406799317},"rotation":{"x":0.0048192269168794159,"y":0.9819173216819763,"z":-0.18782706558704377,"w":0.025640957057476045},"size":1.5240368843078614,"orthographic":false}