{"cameraMode":{"drawMode":31,"name":"Sprite Mask","section":"Miscellaneous"},"sceneLighting":false,"audioPlay":false,"sceneViewState":{"showFog":true,"showMaterialUpdate":false,"showSkybox":false,"showFlares":true,"showImageEffects":true,"showParticleSystems":true},"in2DMode":false,"pivot":{"x":18.765897750854493,"y":0.9873898029327393,"z":24.452301025390626},"rotation":{"x":-0.08628689497709274,"y":0.14814947545528413,"z":-0.010671413503587246,"w":-0.9854710698127747},"size":10.0,"orthographic":false}