{"cameraMode":{"drawMode":31,"name":"Sprite Mask","section":"Miscellaneous"},"sceneLighting":false,"audioPlay":false,"sceneViewState":{"showFog":true,"showMaterialUpdate":false,"showSkybox":false,"showFlares":true,"showImageEffects":true,"showParticleSystems":true},"in2DMode":false,"pivot":{"x":7.890911102294922,"y":3.183156967163086,"z":2.399707555770874},"rotation":{"x":-0.11274758726358414,"y":-0.7294527888298035,"z":0.12754616141319276,"w":-0.6630076766014099},"size":0.010382119566202164,"orthographic":false}