{"cameraMode":{"drawMode":31,"name":"Sprite Mask","section":"Miscellaneous"},"sceneLighting":false,"audioPlay":false,"sceneViewState":{"showFog":true,"showMaterialUpdate":false,"showSkybox":false,"showFlares":true,"showImageEffects":true,"showParticleSystems":true},"in2DMode":false,"pivot":{"x":3.625,"y":1.1829999685287476,"z":0.004000000189989805},"rotation":{"x":-0.08632728457450867,"y":0.695108950138092,"z":-0.07874585688114166,"w":-0.7099565267562866},"size":1.1000828742980958,"orthographic":false}