{"cameraMode":{"drawMode":31,"name":"Sprite Mask","section":"Miscellaneous"},"sceneLighting":false,"audioPlay":false,"sceneViewState":{"showFog":true,"showMaterialUpdate":false,"showSkybox":false,"showFlares":true,"showImageEffects":true,"showParticleSystems":true},"in2DMode":false,"pivot":{"x":-138.5074920654297,"y":13.51529312133789,"z":-99.55793762207031},"rotation":{"x":-0.08628689497709274,"y":0.14814947545528413,"z":-0.010671413503587246,"w":-0.9854710698127747},"size":1.113207221031189,"orthographic":false}