{"cameraMode":{"drawMode":31,"name":"Sprite Mask","section":"Miscellaneous"},"sceneLighting":false,"audioPlay":false,"sceneViewState":{"showFog":true,"showMaterialUpdate":false,"showSkybox":false,"showFlares":true,"showImageEffects":true,"showParticleSystems":true},"in2DMode":false,"pivot":{"x":0.5714434385299683,"y":-0.01725544035434723,"z":1.1579482555389405},"rotation":{"x":-0.017918027937412263,"y":0.8488841652870178,"z":0.025960491970181466,"w":0.5282555222511292},"size":1.2901875972747803,"orthographic":false}