{"cameraMode":{"drawMode":31,"name":"Sprite Mask","section":"Miscellaneous"},"sceneLighting":false,"audioPlay":false,"sceneViewState":{"showFog":true,"showMaterialUpdate":false,"showSkybox":false,"showFlares":true,"showImageEffects":true,"showParticleSystems":true},"in2DMode":false,"pivot":{"x":0.6709184646606445,"y":-1.1259891986846924,"z":2.981163501739502},"rotation":{"x":-0.017918027937412263,"y":0.8488841652870178,"z":0.025960491970181466,"w":0.5282555222511292},"size":9.347131729125977,"orthographic":false}