{"cameraMode":{"drawMode":31,"name":"Sprite Mask","section":"Miscellaneous"},"sceneLighting":false,"audioPlay":false,"sceneViewState":{"showFog":true,"showMaterialUpdate":false,"showSkybox":false,"showFlares":true,"showImageEffects":true,"showParticleSystems":true},"in2DMode":false,"pivot":{"x":17.4937686920166,"y":-2.5924715995788576,"z":13.769657135009766},"rotation":{"x":0.2575756907463074,"y":-0.6574952602386475,"z":0.2565634250640869,"w":0.6602619290351868},"size":0.9974530935287476,"orthographic":false}