{"cameraMode":{"drawMode":31,"name":"Sprite Mask","section":"Miscellaneous"},"sceneLighting":true,"audioPlay":false,"sceneViewState":{"showFog":true,"showMaterialUpdate":false,"showSkybox":true,"showFlares":true,"showImageEffects":true,"showParticleSystems":true},"in2DMode":false,"pivot":{"x":-3.60675048828125,"y":-8.312520980834961,"z":4.576741695404053},"rotation":{"x":0.45094799995422366,"y":0.2317991405725479,"z":-0.12757910788059236,"w":0.8530001640319824},"size":30.147750854492189,"orthographic":false}