{"cameraMode":{"drawMode":31,"name":"Sprite Mask","section":"Miscellaneous"},"sceneLighting":false,"audioPlay":false,"sceneViewState":{"showFog":true,"showMaterialUpdate":false,"showSkybox":false,"showFlares":true,"showImageEffects":true,"showParticleSystems":true},"in2DMode":false,"pivot":{"x":1.702988624572754,"y":1.039939045906067,"z":4.146754264831543},"rotation":{"x":-0.017918027937412263,"y":0.8488841652870178,"z":0.025960491970181466,"w":0.5282555222511292},"size":4.484297752380371,"orthographic":false}