{"cameraMode":{"drawMode":31,"name":"Sprite Mask","section":"Miscellaneous"},"sceneLighting":true,"audioPlay":false,"sceneViewState":{"showFog":true,"showMaterialUpdate":false,"showSkybox":false,"showFlares":true,"showImageEffects":true,"showParticleSystems":true},"in2DMode":false,"pivot":{"x":11.30381965637207,"y":3.170698642730713,"z":-258.70587158203127},"rotation":{"x":-0.0922350138425827,"y":0.7064623832702637,"z":-0.08976972848176956,"w":-0.6964287757873535},"size":284.88775634765627,"orthographic":false}