{"cameraMode":{"drawMode":31,"name":"Sprite Mask","section":"Miscellaneous"},"sceneLighting":false,"audioPlay":false,"sceneViewState":{"showFog":true,"showMaterialUpdate":false,"showSkybox":false,"showFlares":true,"showImageEffects":true,"showParticleSystems":true},"in2DMode":false,"pivot":{"x":-0.0000013820827007293702,"y":0.09003978222608566,"z":0.23281937837600709},"rotation":{"x":0.056658074259757999,"y":-0.8536288142204285,"z":0.5098666548728943,"w":0.09357311576604843},"size":0.3234570622444153,"orthographic":false}