{"cameraMode":{"drawMode":31,"name":"Sprite Mask","section":"Miscellaneous"},"sceneLighting":false,"audioPlay":false,"sceneViewState":{"showFog":true,"showMaterialUpdate":false,"showSkybox":false,"showFlares":true,"showImageEffects":true,"showParticleSystems":true},"in2DMode":false,"pivot":{"x":10.345305442810059,"y":3.069359540939331,"z":12.835585594177246},"rotation":{"x":-0.017918027937412263,"y":0.8488841652870178,"z":0.025960491970181466,"w":0.5282555222511292},"size":0.8660253882408142,"orthographic":false}