{"cameraMode":{"drawMode":31,"name":"Sprite Mask","section":"Miscellaneous"},"sceneLighting":false,"audioPlay":false,"sceneViewState":{"showFog":true,"showMaterialUpdate":false,"showSkybox":false,"showFlares":true,"showImageEffects":true,"showParticleSystems":true},"in2DMode":false,"pivot":{"x":-0.008023373782634735,"y":-0.008943989872932434,"z":0.006756611168384552},"rotation":{"x":-0.017918027937412263,"y":0.8488841652870178,"z":0.025960491970181466,"w":0.5282555222511292},"size":0.1704520732164383,"orthographic":false}