{"cameraMode":{"drawMode":31,"name":"Sprite Mask","section":"Miscellaneous"},"sceneLighting":false,"audioPlay":false,"sceneViewState":{"showFog":false,"showMaterialUpdate":false,"showSkybox":false,"showFlares":false,"showImageEffects":false,"showParticleSystems":false},"in2DMode":false,"pivot":{"x":14.3100004196167,"y":0.5399999618530273,"z":-3.859999656677246},"rotation":{"x":-0.11846975982189179,"y":0.03127421438694,"z":-0.0037362482398748399,"w":-0.992470920085907},"size":2.8578834533691408,"orthographic":false}