{"cameraMode":{"drawMode":0,"name":"Shaded","section":"Shading Mode"},"sceneLighting":false,"audioPlay":false,"sceneViewState":{"showFog":false,"showMaterialUpdate":false,"showSkybox":false,"showFlares":false,"showImageEffects":false,"showParticleSystems":false},"in2DMode":false,"pivot":{"x":3.3084137439727785,"y":1.3367335796356202,"z":-2.993366241455078},"rotation":{"x":0.0988435372710228,"y":0.004699799232184887,"z":-0.000020755051082232967,"w":0.9951578974723816},"size":3.7554385662078859,"orthographic":false}