{"cameraMode":{"drawMode":0,"name":"Shaded","section":"Shading Mode"},"sceneLighting":false,"audioPlay":false,"sceneViewState":{"showFog":false,"showMaterialUpdate":false,"showSkybox":false,"showFlares":false,"showImageEffects":false,"showParticleSystems":false},"in2DMode":false,"pivot":{"x":901.074951171875,"y":134.0,"z":29.040000915527345},"rotation":{"x":0.05246025323867798,"y":-0.017774716019630433,"z":0.0013949933927506209,"w":0.9985281825065613},"size":6168.82958984375,"orthographic":false}