{"cameraMode":{"drawMode":0,"name":"Shaded","section":"Shading Mode"},"sceneLighting":true,"audioPlay":false,"sceneViewState":{"showFog":false,"showMaterialUpdate":false,"showSkybox":false,"showFlares":false,"showImageEffects":false,"showParticleSystems":false},"in2DMode":false,"pivot":{"x":1.125,"y":0.972000002861023,"z":-3.1040000915527345},"rotation":{"x":0.1619819700717926,"y":-0.6838216781616211,"z":0.15973468124866486,"w":0.6933083534240723},"size":1.0009962320327759,"orthographic":false}