{"cameraMode":{"drawMode":0,"name":"Shaded","section":"Shading Mode"},"sceneLighting":false,"audioPlay":false,"sceneViewState":{"showFog":false,"showMaterialUpdate":false,"showSkybox":false,"showFlares":false,"showImageEffects":false,"showParticleSystems":false},"in2DMode":false,"pivot":{"x":-14.781000137329102,"y":5.522599697113037,"z":10.72599983215332},"rotation":{"x":0.38604921102523806,"y":0.5665203928947449,"z":-0.33957746624946597,"w":0.6440155506134033},"size":5.870858192443848,"orthographic":false}