{"cameraMode":{"drawMode":0,"name":"Shaded","section":"Shading Mode"},"sceneLighting":true,"audioPlay":false,"sceneViewState":{"showFog":false,"showMaterialUpdate":false,"showSkybox":false,"showFlares":false,"showImageEffects":false,"showParticleSystems":false},"in2DMode":false,"pivot":{"x":0.009000074118375779,"y":-0.781085729598999,"z":1.06424081325531},"rotation":{"x":0.5383173227310181,"y":-0.012649391777813435,"z":0.008068800903856755,"w":0.8426322340965271},"size":1.9394969940185547,"orthographic":false}