{"cameraMode":{"drawMode":0,"name":"Shaded","section":"Shading Mode"},"sceneLighting":false,"audioPlay":false,"sceneViewState":{"showFog":false,"showMaterialUpdate":false,"showSkybox":false,"showFlares":false,"showImageEffects":false,"showParticleSystems":false},"in2DMode":false,"pivot":{"x":-1.3437769412994385,"y":1.667148470878601,"z":-10.252973556518555},"rotation":{"x":0.543127715587616,"y":0.10542186349630356,"z":-0.06897218525409699,"w":0.8302465081214905},"size":3.335296154022217,"orthographic":false}