{"cameraMode":{"drawMode":31,"name":"Sprite Mask","section":"Miscellaneous"},"sceneLighting":false,"audioPlay":false,"sceneViewState":{"showFog":false,"showMaterialUpdate":false,"showSkybox":false,"showFlares":false,"showImageEffects":false,"showParticleSystems":false},"in2DMode":false,"pivot":{"x":-9.647418022155762,"y":0.9309999942779541,"z":-41.04576873779297},"rotation":{"x":-0.11846975982189179,"y":0.03127421438694,"z":-0.0037362482398748399,"w":-0.992470920085907},"size":4.041658401489258,"orthographic":false}