{"cameraMode":{"drawMode":0,"name":"Shaded","section":"Shading Mode"},"sceneLighting":false,"audioPlay":false,"sceneViewState":{"showFog":false,"showMaterialUpdate":false,"showSkybox":false,"showFlares":false,"showImageEffects":false,"showParticleSystems":false},"in2DMode":false,"pivot":{"x":16.394878387451173,"y":2.7275805473327638,"z":2.2449517250061037},"rotation":{"x":0.4226389229297638,"y":0.18930032849311829,"z":-0.09074422717094422,"w":0.8816772103309631},"size":1.7121710777282715,"orthographic":false}