{"cameraMode":{"drawMode":0,"name":"Shaded","section":"Shading Mode"},"sceneLighting":false,"audioPlay":false,"sceneViewState":{"showFog":false,"showMaterialUpdate":false,"showSkybox":false,"showFlares":false,"showImageEffects":false,"showParticleSystems":false},"in2DMode":false,"pivot":{"x":7.0052595138549809,"y":2.7900004386901857,"z":-5.842180252075195},"rotation":{"x":0.4226389229297638,"y":0.18930032849311829,"z":-0.09074422717094422,"w":0.8816772103309631},"size":1.5096532106399537,"orthographic":false}