{"cameraMode":{"drawMode":0,"name":"Shaded","section":"Shading Mode"},"sceneLighting":false,"audioPlay":false,"sceneViewState":{"showFog":false,"showMaterialUpdate":false,"showSkybox":false,"showFlares":false,"showImageEffects":false,"showParticleSystems":false},"in2DMode":false,"pivot":{"x":1.0245752334594727,"y":1.1001499891281129,"z":-0.7615829706192017},"rotation":{"x":0.5626011490821838,"y":-0.07522661983966828,"z":0.05136037990450859,"w":0.8217923045158386},"size":1.7715768814086915,"orthographic":false}