{"cameraMode":{"drawMode":0,"name":"Shaded","section":"Shading Mode"},"sceneLighting":true,"audioPlay":false,"sceneViewState":{"showFog":false,"showMaterialUpdate":false,"showSkybox":false,"showFlares":false,"showImageEffects":false,"showParticleSystems":false},"in2DMode":false,"pivot":{"x":4.908349990844727,"y":1.3195041418075562,"z":-6.540830135345459},"rotation":{"x":0.16354641318321229,"y":-0.6582573652267456,"z":0.14959843456745149,"w":0.7194504737854004},"size":1.2710580825805665,"orthographic":false}