{"cameraMode":{"drawMode":0,"name":"Shaded","section":"Shading Mode"},"sceneLighting":true,"audioPlay":false,"sceneViewState":{"showFog":false,"showMaterialUpdate":false,"showSkybox":false,"showFlares":false,"showImageEffects":false,"showParticleSystems":false},"in2DMode":false,"pivot":{"x":1.1175554990768433,"y":0.8908249139785767,"z":-3.542203903198242},"rotation":{"x":0.1060340628027916,"y":-0.6669650673866272,"z":0.09669668227434159,"w":0.7311699390411377},"size":1.4117989540100098,"orthographic":false}