{"cameraMode":{"drawMode":0,"name":"Shaded","section":"Shading Mode"},"sceneLighting":true,"audioPlay":false,"sceneViewState":{"showFog":false,"showMaterialUpdate":false,"showSkybox":false,"showFlares":false,"showImageEffects":false,"showParticleSystems":false},"in2DMode":false,"pivot":{"x":0.31050002574920657,"y":0.327625572681427,"z":-1.257812261581421},"rotation":{"x":0.5383173227310181,"y":-0.012649391777813435,"z":0.008068800903856755,"w":0.8426322340965271},"size":9.8710298538208,"orthographic":false}