{"cameraMode":{"drawMode":0,"name":"Shaded","section":"Shading Mode"},"sceneLighting":false,"audioPlay":false,"sceneViewState":{"showFog":false,"showMaterialUpdate":false,"showSkybox":false,"showFlares":false,"showImageEffects":false,"showParticleSystems":false},"in2DMode":false,"pivot":{"x":1.0604274272918702,"y":-1.2222844362258912,"z":3.946876049041748},"rotation":{"x":0.09351833164691925,"y":-0.7506542205810547,"z":0.10884721577167511,"w":0.6449428796768189},"size":5.6603851318359379,"orthographic":false}