{"cameraMode":{"drawMode":0,"name":"Shaded","section":"Shading Mode"},"sceneLighting":false,"audioPlay":false,"sceneViewState":{"showFog":false,"showMaterialUpdate":false,"showSkybox":false,"showFlares":false,"showImageEffects":false,"showParticleSystems":false},"in2DMode":false,"pivot":{"x":2.390467882156372,"y":1.1330718994140626,"z":-3.1832728385925295},"rotation":{"x":0.25515368580818179,"y":-0.0006547897355630994,"z":0.00035374771687202156,"w":0.9669415950775147},"size":3.3578200340270998,"orthographic":false}