{"cameraMode":{"drawMode":0,"name":"Shaded","section":"Shading Mode"},"sceneLighting":false,"audioPlay":false,"sceneViewState":{"showFog":false,"showMaterialUpdate":false,"showSkybox":false,"showFlares":false,"showImageEffects":false,"showParticleSystems":false},"in2DMode":false,"pivot":{"x":7.450580596923828e-9,"y":1.2970000505447388,"z":0.0},"rotation":{"x":-0.27957433462142947,"y":0.23908904194831849,"z":-0.07184527814388275,"w":-0.9271700978279114},"size":0.40416601300239565,"orthographic":false}