{"cameraMode":{"drawMode":0,"name":"Shaded","section":"Shading Mode"},"sceneLighting":false,"audioPlay":false,"sceneViewState":{"showFog":false,"showMaterialUpdate":false,"showSkybox":false,"showFlares":false,"showImageEffects":false,"showParticleSystems":false},"in2DMode":false,"pivot":{"x":0.9324595928192139,"y":1.670000433921814,"z":-9.813180923461914},"rotation":{"x":0.4226389229297638,"y":0.18930032849311829,"z":-0.09074422717094422,"w":0.8816772103309631},"size":1.5096521377563477,"orthographic":false}