{"cameraMode":{"drawMode":31,"name":"Sprite Mask","section":"Miscellaneous"},"sceneLighting":false,"audioPlay":false,"sceneViewState":{"showFog":false,"showMaterialUpdate":false,"showSkybox":false,"showFlares":false,"showImageEffects":false,"showParticleSystems":false},"in2DMode":false,"pivot":{"x":-0.5879999995231628,"y":0.08545318245887757,"z":0.6450003385543823},"rotation":{"x":-0.2233533412218094,"y":-0.021930288523435594,"z":0.005021727178245783,"w":-0.9745000004768372},"size":2.1623287200927736,"orthographic":false}