{"cameraMode":{"drawMode":0,"name":"Shaded","section":"Shading Mode"},"sceneLighting":true,"audioPlay":false,"sceneViewState":{"showFog":false,"showMaterialUpdate":false,"showSkybox":false,"showFlares":false,"showImageEffects":false,"showParticleSystems":false},"in2DMode":false,"pivot":{"x":4.912354469299316,"y":1.1100900173187256,"z":-6.524135589599609},"rotation":{"x":-0.0005010364111512899,"y":0.9995327591896057,"z":-0.03179898485541344,"w":-0.007482531014829874},"size":2.1230309009552,"orthographic":false}