{"cameraMode":{"drawMode":0,"name":"Shaded","section":"Shading Mode"},"sceneLighting":false,"audioPlay":false,"sceneViewState":{"showFog":false,"showMaterialUpdate":false,"showSkybox":false,"showFlares":false,"showImageEffects":false,"showParticleSystems":false},"in2DMode":false,"pivot":{"x":1.23471999168396,"y":1.4761790037155152,"z":-1.4814918041229249},"rotation":{"x":0.25420451164245608,"y":0.6742818355560303,"z":-0.26799166202545168,"w":0.6395832896232605},"size":8.471877098083496,"orthographic":false}