{"cameraMode":{"drawMode":31,"name":"Sprite Mask","section":"Miscellaneous"},"sceneLighting":false,"audioPlay":false,"sceneViewState":{"showFog":false,"showMaterialUpdate":false,"showSkybox":false,"showFlares":false,"showImageEffects":false,"showParticleSystems":false},"in2DMode":false,"pivot":{"x":7.354887008666992,"y":2.3499999046325685,"z":-4.05988883972168},"rotation":{"x":-0.41350018978118899,"y":0.0068289609625935558,"z":-0.0031019726302474739,"w":-0.9104773998260498},"size":14.289420127868653,"orthographic":true}