{"cameraMode":{"drawMode":0,"name":"Shaded","section":"Shading Mode"},"sceneLighting":false,"audioPlay":false,"sceneViewState":{"showFog":false,"showMaterialUpdate":false,"showSkybox":false,"showFlares":false,"showImageEffects":false,"showParticleSystems":false},"in2DMode":false,"pivot":{"x":-4.7433624267578129,"y":6.757778167724609,"z":-16.152118682861329},"rotation":{"x":0.2778592109680176,"y":0.6552717089653015,"z":-0.283241331577301,"w":0.6428044438362122},"size":6.552836894989014,"orthographic":false}