{"cameraMode":{"drawMode":0,"name":"Shaded","section":"Shading Mode"},"sceneLighting":true,"audioPlay":false,"sceneViewState":{"showFog":false,"showMaterialUpdate":false,"showSkybox":false,"showFlares":false,"showImageEffects":false,"showParticleSystems":false},"in2DMode":false,"pivot":{"x":-0.651242733001709,"y":1.0996999740600587,"z":-0.029983997344970704},"rotation":{"x":0.036148443818092349,"y":0.9486356973648071,"z":-0.2918698191642761,"w":0.11705828458070755},"size":40.010372161865237,"orthographic":false}