{"cameraMode":{"drawMode":0,"name":"Shaded","section":"Shading Mode"},"sceneLighting":false,"audioPlay":false,"sceneViewState":{"showFog":false,"showMaterialUpdate":false,"showSkybox":false,"showFlares":false,"showImageEffects":false,"showParticleSystems":false},"in2DMode":false,"pivot":{"x":4.96999979019165,"y":1.7899999618530274,"z":-7.115449905395508},"rotation":{"x":-0.018952742218971254,"y":0.953960657119751,"z":0.06129080802202225,"w":0.293197900056839},"size":2.8578836917877199,"orthographic":false}